AchievementID,Name,Description,Points,PlayerID,EarnedDate
1,First Blood,Achieve high accuracy,81,7,2024-04-05
2,Survivor,Reach rank 1,80,3,2023-08-20
3,Sharpshooter,Win 10 matches,95,3,2020-03-25
4,Champion,Explore all maps,10,14,2022-03-21
5,Sharpshooter,Get the first kill,81,18,2023-08-18
6,Survivor,Reach rank 1,98,28,2022-11-09
7,First Blood,Achieve high accuracy,45,30,2022-07-23
8,Explorer,Win 10 matches,97,22,2024-09-01
9,Sharpshooter,Reach rank 1,86,20,2023-12-20
10,Sharpshooter,Explore all maps,83,41,2021-07-14
11,Sharpshooter,Achieve high accuracy,83,49,2020-11-30
12,Sharpshooter,Win 10 matches,23,23,2024-09-28
13,Sharpshooter,Achieve high accuracy,46,12,2024-12-02
14,Survivor,Get the first kill,31,13,2023-06-19
15,Champion,Win 10 matches,77,44,2020-06-17
16,Champion,Explore all maps,76,22,2021-09-21
17,Survivor,Win 10 matches,20,33,2021-07-13
18,First Blood,Explore all maps,97,46,2023-02-04
19,Sharpshooter,Reach rank 1,17,4,2024-02-13
20,Explorer,Achieve high accuracy,78,19,2020-10-28
21,First Blood,Win 10 matches,20,6,2024-10-08
22,First Blood,Get the first kill,100,26,2021-01-18
23,Explorer,Explore all maps,76,37,2023-10-24
24,Survivor,Get the first kill,79,48,2021-10-09
25,Sharpshooter,Reach rank 1,37,36,2024-04-14
26,First Blood,Achieve high accuracy,66,49,2023-06-17
27,Survivor,Achieve high accuracy,22,5,2022-12-24
28,Survivor,Reach rank 1,43,23,2020-03-07
29,Survivor,Achieve high accuracy,95,32,2024-03-21
30,Sharpshooter,Win 10 matches,33,34,2024-02-06
31,Champion,Explore all maps,46,8,2020-09-13
32,Survivor,Win 10 matches,100,40,2023-02-23
33,Survivor,Achieve high accuracy,46,14,2020-12-13
34,First Blood,Reach rank 1,82,49,2022-11-23
35,First Blood,Explore all maps,50,40,2020-09-22
36,Survivor,Reach rank 1,95,12,2020-11-04
37,Explorer,Achieve high accuracy,81,15,2023-10-04
38,Survivor,Reach rank 1,21,12,2020-01-01
39,Explorer,Get the first kill,30,18,2021-01-29
40,Survivor,Achieve high accuracy,80,15,2023-06-09
41,Explorer,Reach rank 1,67,49,2023-08-06
42,First Blood,Win 10 matches,88,2,2020-07-27
43,Survivor,Explore all maps,57,2,2023-10-07
44,First Blood,Get the first kill,66,50,2024-06-26
45,Explorer,Get the first kill,46,15,2022-04-09
46,Sharpshooter,Achieve high accuracy,60,24,2021-08-11
47,Survivor,Reach rank 1,80,20,2020-02-09
48,Explorer,Explore all maps,12,35,2021-04-21
49,Champion,Get the first kill,71,29,2020-07-13
50,First Blood,Achieve high accuracy,72,8,2020-06-12
51,First Blood,Explore all maps,68,31,2022-02-27
52,Sharpshooter,Explore all maps,18,49,2020-01-28
53,Sharpshooter,Achieve high accuracy,85,26,2024-11-15
54,First Blood,Get the first kill,26,4,2022-02-04
55,Sharpshooter,Explore all maps,98,31,2021-07-08
56,Survivor,Explore all maps,40,37,2021-03-23
57,Survivor,Win 10 matches,97,5,2023-02-11
58,Sharpshooter,Reach rank 1,77,19,2023-10-29
59,Survivor,Achieve high accuracy,64,1,2020-03-14
60,First Blood,Achieve high accuracy,67,26,2020-05-08
61,Sharpshooter,Get the first kill,62,27,2023-10-31
62,Sharpshooter,Reach rank 1,42,29,2021-08-11
63,Champion,Get the first kill,51,33,2020-08-26
64,Sharpshooter,Get the first kill,48,9,2020-03-17
65,First Blood,Reach rank 1,74,2,2023-04-28
66,Explorer,Get the first kill,80,35,2022-01-06
67,Champion,Get the first kill,89,1,2024-12-15
68,Survivor,Reach rank 1,30,34,2020-12-17
69,Survivor,Explore all maps,14,1,2022-06-14
70,Explorer,Explore all maps,75,18,2023-07-14
71,Survivor,Get the first kill,64,32,2021-01-25
72,Survivor,Get the first kill,55,8,2021-05-24
73,Explorer,Explore all maps,35,9,2021-07-08
74,Survivor,Win 10 matches,21,48,2024-07-01
75,Explorer,Get the first kill,59,22,2023-02-09
76,First Blood,Reach rank 1,26,43,2024-11-14
77,Sharpshooter,Achieve high accuracy,12,42,2021-01-18
78,Explorer,Achieve high accuracy,17,43,2023-03-10
79,Explorer,Get the first kill,71,17,2023-02-25
80,First Blood,Win 10 matches,37,26,2023-11-14
81,Champion,Achieve high accuracy,32,8,2021-04-22
82,Survivor,Win 10 matches,46,50,2021-04-28
83,Champion,Win 10 matches,27,6,2024-08-27
84,Explorer,Win 10 matches,20,31,2023-09-29
85,Survivor,Explore all maps,48,33,2023-12-10
86,Champion,Reach rank 1,90,23,2020-05-09
87,Champion,Achieve high accuracy,98,15,2024-05-10
88,Sharpshooter,Get the first kill,12,44,2020-09-30
89,First Blood,Get the first kill,60,42,2024-02-28
90,First Blood,Explore all maps,59,21,2023-08-04
91,Champion,Explore all maps,29,27,2021-12-25
92,Champion,Get the first kill,86,31,2021-03-05
93,Champion,Explore all maps,67,9,2020-04-19
94,Explorer,Win 10 matches,37,2,2020-08-14
95,Champion,Explore all maps,28,5,2022-04-14
96,Explorer,Get the first kill,78,46,2020-08-02
97,Sharpshooter,Reach rank 1,68,7,2021-12-18
98,Sharpshooter,Reach rank 1,76,29,2022-01-17
99,Explorer,Achieve high accuracy,35,10,2023-07-16
100,Sharpshooter,Reach rank 1,45,41,2021-12-19
