EventID,Name,GameID,StartDate,EndDate,Reward
1,Holiday Tournament,1,2022-05-29,2024-11-19,Special Weapon
2,Seasonal Rewards,8,2024-06-19,2024-02-15,Exclusive Skin
3,Seasonal Rewards,17,2022-02-15,2024-12-22,1000 XP
4,Seasonal Rewards,7,2023-04-16,2023-07-29,1000 XP
5,Holiday Tournament,20,2022-04-24,2023-09-07,Exclusive Skin
6,Seasonal Rewards,11,2024-09-11,2022-06-26,Special Weapon
7,Holiday Tournament,19,2023-05-13,2022-08-16,1000 XP
8,Double XP Weekend,12,2024-02-08,2022-02-28,1000 XP
9,Seasonal Rewards,9,2022-05-21,2023-12-20,1000 XP
10,Holiday Tournament,16,2024-08-23,2023-02-02,Exclusive Skin
11,Double XP Weekend,17,2022-05-10,2024-05-26,Special Weapon
12,Holiday Tournament,13,2024-06-20,2022-03-13,1000 XP
13,Holiday Tournament,12,2023-08-26,2022-03-01,1000 XP
14,Holiday Tournament,2,2023-07-24,2023-12-02,Exclusive Skin
15,Holiday Tournament,6,2024-08-30,2022-04-12,Special Weapon
16,Holiday Tournament,4,2022-11-12,2023-01-06,Special Weapon
17,Holiday Tournament,13,2024-05-31,2022-02-10,1000 XP
18,Double XP Weekend,18,2024-03-17,2022-08-09,Exclusive Skin
19,Seasonal Rewards,15,2022-03-29,2024-12-06,Exclusive Skin
20,Seasonal Rewards,17,2022-10-13,2022-02-04,1000 XP
21,Double XP Weekend,5,2023-08-10,2024-07-20,1000 XP
22,Seasonal Rewards,17,2024-11-01,2024-04-10,Exclusive Skin
23,Double XP Weekend,5,2024-06-01,2023-07-11,Special Weapon
24,Seasonal Rewards,17,2024-12-02,2022-08-19,1000 XP
25,Seasonal Rewards,16,2024-02-05,2022-05-25,Exclusive Skin
26,Seasonal Rewards,19,2022-12-10,2022-03-03,1000 XP
27,Holiday Tournament,13,2022-12-25,2024-10-02,Exclusive Skin
28,Seasonal Rewards,6,2022-12-03,2023-08-12,1000 XP
29,Seasonal Rewards,17,2024-10-18,2024-12-24,Exclusive Skin
30,Seasonal Rewards,3,2022-12-14,2024-01-15,1000 XP
