GameID,Name,Genre,ReleaseDate,MaxPlayers
1,Team Deathmatch,Strategy,2020-08-20,20
2,Capture the Flag,Strategy,2020-04-18,13
3,Adventure,Strategy,2020-12-08,22
4,Battle Royale,Strategy,2020-12-01,58
5,Adventure,RPG,2020-12-03,61
6,Team Deathmatch,Sports,2020-09-17,92
7,Capture the Flag,Sports,2020-01-08,72
8,Battle Royale,FPS,2020-06-29,55
9,Battle Royale,MOBA,2020-10-03,68
10,Adventure,Strategy,2020-07-26,34
11,Adventure,FPS,2020-09-11,87
12,Team Deathmatch,FPS,2020-12-25,52
13,Capture the Flag,MOBA,2020-02-20,29
14,Team Deathmatch,RPG,2020-01-25,76
15,Adventure,RPG,2020-11-20,46
16,Battle Royale,MOBA,2020-06-18,6
17,Capture the Flag,Strategy,2020-07-21,64
18,Adventure,Sports,2020-07-10,71
19,Adventure,MOBA,2020-01-10,49
20,Adventure,Strategy,2020-03-21,18
