ItemID,Name,Description,Rarity,Value
1,Potion of Speed,Enhances abilities,Rare,3453.07
2,Ring of Power,A mystical shield,Legendary,3803.76
3,Golden Sword,A mystical shield,Rare,6925.88
4,Mystic Shield,A mystical shield,Rare,1512.94
5,Dragon Slayer,A legendary blade,Common,5772.73
6,Golden Sword,A mystical shield,Legendary,2405.59
7,Dragon Slayer,Increases speed,Legendary,1083.52
8,Ring of Power,A powerful weapon,Common,9309.17
9,Potion of Speed,A legendary blade,Epic,5629.36
10,Potion of Speed,A powerful weapon,Rare,7218.02
11,Mystic Shield,A legendary blade,Rare,3996.69
12,Potion of Speed,A legendary blade,Epic,9190.86
13,Ring of Power,A mystical shield,Epic,7191.85
14,Golden Sword,A mystical shield,Common,3836.76
15,Ring of Power,A legendary blade,Rare,1364.12
16,Potion of Speed,Enhances abilities,Rare,1288.71
17,Mystic Shield,A powerful weapon,Epic,9406.82
18,Mystic Shield,Increases speed,Common,6002.77
19,Ring of Power,A powerful weapon,Rare,5349.65
20,Ring of Power,A powerful weapon,Common,3448.3
21,Mystic Shield,Enhances abilities,Epic,8059.15
22,Mystic Shield,A powerful weapon,Epic,7509.45
23,Dragon Slayer,Enhances abilities,Rare,3610.84
24,Potion of Speed,A mystical shield,Common,3059.62
25,Ring of Power,Enhances abilities,Rare,6177.64
26,Mystic Shield,A legendary blade,Epic,316.23
27,Golden Sword,A powerful weapon,Epic,8380.84
28,Ring of Power,A mystical shield,Legendary,8695.24
29,Ring of Power,A powerful weapon,Epic,4514.22
30,Potion of Speed,A legendary blade,Legendary,2517.33
31,Ring of Power,Increases speed,Legendary,823.75
32,Potion of Speed,Enhances abilities,Common,3915.32
33,Ring of Power,A mystical shield,Legendary,3256.39
34,Dragon Slayer,A powerful weapon,Epic,3805.79
35,Ring of Power,A powerful weapon,Common,9408.12
36,Golden Sword,A mystical shield,Rare,8152.56
37,Golden Sword,Increases speed,Legendary,2130.98
38,Potion of Speed,A powerful weapon,Legendary,4666.91
39,Golden Sword,Enhances abilities,Legendary,1330.48
40,Mystic Shield,Enhances abilities,Common,2529.82
41,Dragon Slayer,A mystical shield,Rare,823.43
42,Mystic Shield,Enhances abilities,Common,9653.54
43,Golden Sword,Increases speed,Rare,3638.9
44,Golden Sword,Increases speed,Epic,3385.03
45,Dragon Slayer,A legendary blade,Rare,8871.68
46,Ring of Power,A legendary blade,Rare,272.41
47,Potion of Speed,A mystical shield,Legendary,2339.05
48,Dragon Slayer,A mystical shield,Epic,4603.2
49,Golden Sword,Increases speed,Epic,1708.18
50,Golden Sword,Increases speed,Epic,6949.19
51,Potion of Speed,A legendary blade,Common,7503.62
52,Mystic Shield,A mystical shield,Rare,8773.86
53,Ring of Power,A mystical shield,Rare,3358.49
54,Dragon Slayer,Increases speed,Epic,9698.72
55,Golden Sword,Enhances abilities,Common,9594.94
56,Ring of Power,A powerful weapon,Legendary,9895.01
57,Dragon Slayer,Enhances abilities,Rare,7029.1
58,Potion of Speed,A legendary blade,Legendary,934.46
59,Ring of Power,A powerful weapon,Rare,4753.51
60,Mystic Shield,A powerful weapon,Rare,7952.3
61,Mystic Shield,A legendary blade,Common,7726.36
62,Dragon Slayer,Increases speed,Rare,5691.78
63,Ring of Power,Increases speed,Epic,7495.41
64,Golden Sword,A legendary blade,Rare,8782.8
65,Potion of Speed,A mystical shield,Epic,4674.28
66,Potion of Speed,A powerful weapon,Epic,6380.84
67,Golden Sword,A mystical shield,Rare,7306.77
68,Dragon Slayer,A legendary blade,Epic,9297.52
69,Golden Sword,A legendary blade,Rare,7173.4
70,Ring of Power,A legendary blade,Legendary,5781.4
71,Golden Sword,A legendary blade,Common,7685.23
72,Mystic Shield,Enhances abilities,Common,5244.32
73,Dragon Slayer,A mystical shield,Common,4507.29
74,Ring of Power,A mystical shield,Common,8668.65
75,Ring of Power,Enhances abilities,Rare,4698.5
76,Mystic Shield,A powerful weapon,Epic,5961.63
77,Potion of Speed,A powerful weapon,Legendary,8155.24
78,Mystic Shield,Enhances abilities,Common,8962.59
79,Potion of Speed,Enhances abilities,Epic,3007.58
80,Mystic Shield,Enhances abilities,Rare,9199.03
81,Potion of Speed,Increases speed,Legendary,5372.98
82,Dragon Slayer,A powerful weapon,Common,5010.4
83,Golden Sword,Enhances abilities,Common,174.37
84,Dragon Slayer,A powerful weapon,Rare,9280.98
85,Golden Sword,A legendary blade,Epic,6748.53
86,Potion of Speed,Increases speed,Legendary,1613.24
87,Dragon Slayer,A mystical shield,Epic,3948.1
88,Dragon Slayer,Increases speed,Rare,515.54
89,Golden Sword,Increases speed,Epic,7427.61
90,Potion of Speed,A legendary blade,Epic,8812.06
91,Dragon Slayer,A legendary blade,Legendary,2696.16
92,Golden Sword,A powerful weapon,Legendary,2774.74
93,Dragon Slayer,Enhances abilities,Common,347.52
94,Ring of Power,A powerful weapon,Common,6292.37
95,Golden Sword,A powerful weapon,Rare,7597.8
96,Ring of Power,A mystical shield,Legendary,8471.22
97,Ring of Power,A powerful weapon,Rare,1900.31
98,Ring of Power,Enhances abilities,Common,3330.39
99,Ring of Power,A mystical shield,Epic,738.25
100,Dragon Slayer,A legendary blade,Legendary,4439.72
