MatchID,GameID,MatchDate,MatchType,WinningTeam
1,12,2024-01-08,Casual,oscar45
2,16,2024-06-05,Ranked,rose41
3,8,2024-10-13,Casual,sharonmoreno
4,15,2023-03-30,Ranked,cunninghammichael
5,8,2022-06-23,Casual,brian91
6,20,2023-03-26,Ranked,paulclark
7,11,2022-03-03,Casual,morgan60
8,5,2023-08-05,Casual,wolfmichael
9,1,2022-07-20,Casual,adamsapril
10,17,2023-06-12,Casual,nathanbarnett
11,7,2024-11-06,Ranked,sara02
12,10,2022-07-27,Ranked,perrywhitney
13,6,2022-11-17,Ranked,thorntonmarc
14,19,2023-06-06,Ranked,diane02
15,15,2024-02-23,Casual,kathleen13
16,3,2024-10-08,Ranked,pacepenny
17,12,2022-05-26,Casual,philipwagner
18,12,2024-01-10,Ranked,sross
19,9,2024-05-14,Casual,ndunn
20,9,2023-11-10,Ranked,randypatterson
21,13,2022-02-03,Ranked,amberwilliamson
22,12,2024-09-03,Ranked,tmorales
23,15,2024-11-27,Ranked,ethangraham
24,19,2022-01-20,Casual,cynthia75
25,17,2024-07-06,Casual,rossdominique
26,16,2023-10-31,Ranked,matthewsawyer
27,3,2022-03-27,Ranked,alexandergary
28,6,2023-01-01,Casual,david11
29,2,2022-08-15,Casual,kelly95
30,13,2022-07-14,Ranked,jenniferwilliams
31,5,2024-03-18,Ranked,longrobert
32,10,2022-12-05,Ranked,sean80
33,9,2022-06-29,Ranked,juliecox
34,7,2024-07-26,Ranked,williamperry
35,14,2023-06-15,Ranked,ovilla
36,1,2022-04-04,Ranked,wilsonnichole
37,14,2022-06-16,Ranked,loganjonathon
38,5,2024-04-29,Ranked,brett57
39,1,2022-01-29,Casual,christinemahoney
40,5,2023-06-24,Ranked,philip98
41,16,2023-07-25,Ranked,scottbryan
42,2,2023-07-08,Ranked,dawnriley
43,13,2022-12-06,Casual,brandondavenport
44,12,2024-07-29,Ranked,omiles
45,10,2022-04-21,Ranked,sherri29
46,17,2024-12-10,Ranked,meaton
47,5,2023-08-15,Casual,ybolton
48,3,2023-02-23,Casual,haroldmack
49,6,2023-05-12,Casual,olivingston
50,19,2023-05-22,Ranked,hgreen
51,13,2024-03-17,Casual,jenkinsjason
52,15,2022-11-27,Casual,grimesduane
53,11,2023-04-19,Ranked,megan80
54,12,2023-06-26,Casual,gabrieltaylor
55,11,2023-02-12,Casual,matthew51
56,2,2023-08-03,Casual,brian68
57,16,2022-01-31,Ranked,janicejones
58,1,2024-09-13,Casual,tracimurphy
59,2,2022-06-09,Ranked,gentryandrew
60,5,2023-07-29,Casual,dawn77
61,13,2024-09-16,Ranked,dawnsimmons
62,18,2022-03-21,Ranked,clarkcarla
63,20,2024-01-27,Ranked,steven43
64,18,2023-04-30,Casual,ashley44
65,12,2024-12-14,Casual,pamela88
66,1,2022-11-20,Casual,marypage
67,10,2023-09-08,Ranked,kevin46
68,4,2022-08-12,Casual,hoganbradley
69,8,2023-04-07,Casual,janicebyrd
70,1,2024-07-13,Ranked,vtaylor
71,17,2024-10-16,Casual,beth73
72,5,2022-02-28,Ranked,harrellkimberly
73,15,2023-12-12,Ranked,maddoxjeremy
74,4,2023-02-14,Ranked,etucker
75,4,2022-01-14,Ranked,christinaowen
76,5,2022-05-26,Ranked,laurie10
77,6,2023-01-05,Ranked,krose
78,6,2022-04-04,Casual,sanchezemily
79,17,2024-11-13,Casual,xdaniels
80,11,2024-09-23,Ranked,elizabethgregory
81,7,2022-12-25,Ranked,michaelbrown
82,19,2024-11-07,Ranked,sandra36
83,3,2022-06-04,Ranked,markdiaz
84,20,2023-05-25,Ranked,gmcintosh
85,11,2023-08-21,Casual,jean31
86,12,2024-12-29,Casual,ethompson
87,20,2023-03-07,Casual,robert59
88,10,2022-06-22,Casual,robertsingleton
89,11,2022-03-23,Casual,pauljoshua
90,6,2024-05-01,Ranked,tammy24
91,3,2023-07-07,Casual,robertsonjason
92,2,2022-01-29,Casual,buckleytina
93,9,2024-09-10,Ranked,eileen52
94,16,2024-01-21,Casual,andrewross
95,20,2022-04-11,Casual,dparker
96,17,2022-03-24,Ranked,james28
97,2,2024-05-03,Casual,pedro45
98,6,2023-03-18,Casual,kevinstewart
99,20,2023-11-08,Ranked,phillip66
100,8,2022-07-23,Ranked,sethcook
101,18,2022-11-14,Ranked,coxjohn
102,3,2024-11-04,Casual,donaldanderson
103,13,2022-07-17,Casual,nicoleyoung
104,10,2024-02-14,Ranked,cohenchristopher
105,2,2022-01-20,Ranked,pdiaz
106,5,2022-07-08,Casual,ewilliams
107,12,2022-11-18,Ranked,david02
108,10,2024-04-09,Casual,harmonantonio
109,8,2023-12-21,Ranked,hilldaniel
110,17,2022-12-10,Ranked,jeffrey13
111,20,2023-11-25,Ranked,michelle16
112,18,2024-03-30,Ranked,colemanpaul
113,12,2024-08-20,Ranked,jware
114,4,2024-05-31,Casual,carolyn27
115,19,2023-03-04,Casual,genglish
116,1,2023-09-14,Casual,larry80
117,3,2023-05-15,Ranked,debra60
118,18,2023-06-06,Ranked,linda89
119,1,2024-12-04,Casual,cmcdonald
120,18,2024-06-26,Casual,nancy63
121,7,2024-05-12,Ranked,richardballard
122,13,2024-05-24,Casual,whitneyjohnson
123,12,2022-04-11,Ranked,coreycummings
124,17,2023-03-20,Ranked,nelsonjason
125,6,2024-02-08,Ranked,tpowell
126,2,2023-12-14,Casual,denisegarza
127,7,2023-11-21,Ranked,victoria79
128,14,2023-11-17,Ranked,jason63
129,19,2024-04-19,Casual,shannon78
130,13,2022-06-13,Ranked,barbarasalinas
131,11,2023-12-13,Ranked,smithpatrick
132,2,2024-08-06,Casual,pgarcia
133,15,2023-02-23,Ranked,sarahkelly
134,7,2023-08-16,Ranked,howellkatherine
135,2,2023-03-26,Casual,iosborn
136,9,2023-04-13,Casual,melissajones
137,11,2024-08-26,Casual,christietaylor
138,17,2023-02-27,Ranked,ramirezbianca
139,11,2022-07-15,Casual,shawnmann
140,12,2024-07-26,Ranked,mark62
141,5,2023-02-18,Ranked,wsmith
142,14,2023-09-07,Ranked,williamsjacob
143,12,2024-02-07,Ranked,christine56
144,9,2024-03-09,Ranked,markperez
145,13,2024-03-21,Casual,jennalynch
146,9,2023-04-14,Ranked,belindasmith
147,8,2024-10-04,Casual,jeffrey61
148,17,2024-05-14,Casual,michael27
149,4,2024-07-07,Casual,angela95
150,18,2024-06-10,Ranked,renee23
151,20,2024-09-04,Ranked,michael65
152,5,2023-08-09,Ranked,richard55
153,5,2023-07-15,Casual,michael41
154,11,2022-03-02,Ranked,fbush
155,1,2023-10-07,Ranked,brownkaren
156,7,2023-12-08,Casual,marciamay
157,13,2023-12-02,Ranked,alexandrasmith
158,14,2022-05-22,Casual,daniel34
159,13,2022-10-27,Ranked,fpruitt
160,19,2023-11-18,Ranked,gouldwilliam
161,4,2023-10-12,Ranked,gallegosjames
162,16,2022-12-06,Casual,yrasmussen
163,3,2022-05-11,Ranked,janet55
164,3,2024-03-31,Ranked,gfox
165,19,2023-10-12,Ranked,toddtanner
166,10,2023-01-30,Casual,vaughnstephanie
167,8,2024-03-29,Casual,john67
168,6,2022-01-24,Ranked,mary30
169,5,2023-11-05,Ranked,kelly31
170,19,2024-03-19,Ranked,laurawolfe
171,14,2022-02-27,Casual,cookcharles
172,11,2024-05-04,Casual,sandra24
173,13,2023-12-09,Ranked,johnsonkimberly
174,20,2024-07-09,Casual,lee66
175,2,2023-08-16,Casual,karl64
176,2,2022-11-30,Casual,kenneth75
177,9,2024-10-04,Ranked,palmerdwayne
178,10,2024-11-09,Ranked,apaul
179,13,2023-06-28,Casual,lclark
180,10,2022-09-08,Casual,mmcbride
181,15,2023-07-02,Ranked,andrea03
182,5,2024-10-30,Casual,kathrynbernard
183,8,2023-11-26,Ranked,joshuabenitez
184,20,2022-07-07,Ranked,joshualevine
185,20,2024-12-01,Casual,emily74
186,5,2022-08-26,Casual,wilsonallen
187,20,2022-08-16,Casual,jrhodes
188,12,2024-03-03,Casual,jjohnson
189,13,2023-01-06,Casual,twilson
190,9,2023-11-11,Casual,jharmon
191,6,2023-07-15,Casual,lschmitt
192,1,2022-07-21,Ranked,fwhitehead
193,19,2023-06-03,Casual,alyssaberger
194,7,2022-11-30,Casual,millerroger
195,5,2023-01-03,Casual,steven48
196,2,2023-08-04,Ranked,xwall
197,16,2022-01-07,Ranked,nashchristopher
198,1,2023-02-02,Casual,williamwilliams
199,9,2023-07-02,Casual,kswanson
200,4,2022-04-27,Casual,michael02
201,19,2024-10-09,Ranked,tbowen
202,9,2023-04-21,Ranked,tberry
203,17,2022-06-19,Ranked,heather98
204,20,2022-02-06,Casual,melendezkimberly
205,9,2022-08-25,Ranked,xpineda
206,12,2023-02-27,Casual,dhuffman
207,9,2023-05-20,Ranked,hjohnson
208,9,2023-12-05,Casual,sara78
209,5,2022-06-28,Ranked,jessicamorales
210,3,2024-04-20,Casual,kimberlydrake
211,6,2024-06-11,Ranked,tanya70
212,1,2022-08-19,Ranked,matamorgan
213,9,2024-06-26,Ranked,kreid
214,12,2022-06-18,Casual,christina56
215,18,2024-01-08,Casual,barbarasmith
216,9,2024-01-25,Casual,zmendoza
217,17,2023-03-07,Casual,mackenzieramos
218,1,2022-07-16,Casual,orobertson
219,12,2023-09-18,Ranked,brittney74
220,8,2023-02-28,Casual,etownsend
221,12,2023-07-14,Casual,williamssamantha
222,16,2022-01-22,Ranked,tinachang
223,4,2024-07-23,Casual,lopezashley
224,19,2024-12-13,Ranked,fdurham
225,18,2023-10-31,Casual,castillomeagan
226,15,2022-01-29,Ranked,utorres
227,19,2024-05-01,Casual,gabriellecraig
228,12,2023-09-10,Ranked,owensstanley
229,16,2024-09-02,Casual,thomas42
230,1,2022-04-01,Casual,jeff79
231,11,2022-01-13,Ranked,armstrongandrew
232,19,2024-04-17,Casual,charles88
233,17,2022-06-30,Casual,gwallace
234,16,2023-10-19,Casual,crystaljohnson
235,12,2024-07-06,Casual,ryanmcguire
236,4,2023-08-06,Casual,jameslucas
237,20,2022-05-27,Casual,riverasteven
238,7,2023-12-11,Casual,emoses
239,18,2022-03-07,Casual,fordkatherine
240,13,2022-02-07,Casual,kaylee15
241,1,2022-01-17,Ranked,fday
242,8,2023-01-01,Ranked,fieldsbryan
243,3,2022-03-02,Casual,aaron67
244,17,2023-05-05,Casual,michaelmcdonald
245,17,2024-09-25,Casual,williamsjessica
246,18,2023-03-29,Ranked,charlesking
247,7,2022-09-01,Casual,keithsingleton
248,17,2023-05-03,Casual,juan19
249,11,2022-02-22,Casual,tinataylor
250,10,2023-08-02,Casual,bonnie08
251,12,2022-08-31,Casual,susan37
252,19,2023-04-13,Ranked,krista55
253,11,2023-06-07,Ranked,riosmatthew
254,16,2022-01-19,Ranked,lopezdawn
255,12,2024-07-17,Casual,cantrelldebra
256,5,2024-08-06,Ranked,uwhitney
257,12,2023-08-25,Ranked,taylorsmith
258,4,2023-05-30,Casual,barnettjeanette
259,8,2022-03-26,Casual,paulreynolds
260,13,2024-06-09,Ranked,johnsondouglas
261,15,2022-06-03,Casual,slara
262,6,2024-02-14,Ranked,daniel29
263,11,2024-05-31,Casual,mendezkelly
264,7,2022-03-01,Ranked,millslisa
265,10,2024-02-05,Ranked,alexandriaphillips
266,9,2024-04-25,Ranked,joshua56
267,3,2023-04-29,Casual,burchrebecca
268,1,2023-07-20,Ranked,jennifer00
269,3,2024-05-23,Casual,rcherry
270,2,2022-05-26,Casual,holly19
271,1,2022-07-13,Casual,jamesclark
272,11,2024-10-08,Casual,walkermatthew
273,18,2022-09-19,Casual,townsendchristopher
274,2,2022-04-30,Ranked,nwilson
275,6,2023-01-23,Casual,james50
276,13,2022-10-09,Ranked,woodsamantha
277,8,2022-03-11,Casual,beckyzimmerman
278,20,2024-10-05,Ranked,ann69
279,9,2023-02-12,Ranked,kimthompson
280,11,2023-07-20,Ranked,longtroy
281,2,2023-08-31,Ranked,wheelercarlos
282,9,2022-09-02,Ranked,douglas93
283,6,2023-01-26,Ranked,asanchez
284,13,2022-08-31,Casual,ismith
285,9,2022-04-24,Casual,susan24
286,12,2022-11-24,Casual,christopherblack
287,19,2024-04-11,Ranked,zdiaz
288,10,2022-01-10,Ranked,brownaimee
289,17,2023-01-14,Ranked,johnjimenez
290,5,2024-09-19,Ranked,kenneth89
291,8,2024-06-06,Casual,emma85
292,3,2024-09-21,Ranked,psmith
293,2,2023-05-02,Ranked,hdodson
294,10,2022-12-31,Casual,walkerjustin
295,13,2022-07-30,Ranked,georgelewis
296,2,2024-04-20,Casual,tjohnson
297,11,2024-05-12,Ranked,alanjohnson
298,1,2023-03-01,Ranked,kmason
299,17,2022-09-10,Casual,kwebb
300,9,2023-03-01,Ranked,wigginsjessica
301,13,2023-06-25,Casual,lmoran
302,13,2022-07-18,Casual,yhutchinson
303,17,2022-03-18,Ranked,anthony19
304,15,2022-05-31,Casual,dgutierrez
305,2,2022-12-25,Ranked,vrichard
306,11,2024-09-21,Casual,griffinnicole
307,18,2022-05-07,Casual,kathrynmartinez
308,5,2024-03-13,Casual,evansbecky
309,15,2022-05-03,Ranked,wendymarshall
310,4,2024-11-23,Casual,reedmatthew
311,4,2023-11-08,Ranked,ortizmarissa
312,2,2023-04-30,Casual,stevenmartinez
313,14,2024-08-21,Ranked,ttaylor
314,7,2024-06-02,Casual,kayleelopez
315,20,2022-10-12,Ranked,qgamble
316,10,2022-03-28,Ranked,hudsonrobert
317,4,2024-03-31,Ranked,olane
318,15,2022-01-11,Ranked,watkinsmaria
319,13,2023-10-15,Ranked,jason90
320,18,2024-10-12,Ranked,jamie90
321,11,2023-07-06,Casual,smithmarc
322,2,2023-01-24,Ranked,millerashley
323,5,2023-08-03,Ranked,christinasherman
324,3,2024-09-01,Ranked,christinamiller
325,4,2023-02-17,Casual,gallegoshelen
326,6,2022-03-29,Casual,kaylanorris
327,14,2024-09-24,Ranked,gene26
328,8,2022-09-14,Ranked,patkins
329,8,2023-10-19,Casual,dakota87
330,20,2024-08-25,Ranked,francisreed
331,19,2023-06-19,Casual,wthomas
332,7,2022-06-02,Ranked,yberry
333,13,2022-04-27,Ranked,sfreeman
334,4,2024-03-19,Ranked,jessica62
335,4,2023-02-22,Ranked,fsanchez
336,9,2022-05-18,Casual,clinejames
337,9,2024-01-25,Casual,mcgeechristine
338,19,2024-01-27,Ranked,christinaclarke
339,7,2022-04-14,Ranked,morrisoncassandra
340,2,2022-09-26,Casual,jeffrey70
341,19,2023-03-15,Ranked,ewalker
342,4,2024-02-29,Casual,jamessmith
343,16,2022-05-01,Casual,barbara82
344,12,2022-12-31,Casual,steven82
345,7,2022-01-07,Ranked,vbrown
346,6,2024-03-24,Casual,blackjennifer
347,17,2023-04-10,Ranked,ryanannette
348,11,2023-03-31,Ranked,chill
349,10,2022-04-16,Ranked,mccoydonna
350,20,2022-04-22,Ranked,annawalker
351,11,2024-04-25,Casual,scott83
352,16,2024-05-03,Ranked,derek69
353,7,2022-02-02,Casual,valdezjared
354,2,2022-07-21,Casual,jonesmark
355,16,2024-04-03,Casual,andrewjackson
356,12,2022-09-26,Ranked,michelle02
357,14,2022-05-09,Casual,terrycynthia
358,20,2022-12-31,Casual,fsmith
359,6,2024-03-26,Ranked,lgentry
360,13,2024-02-17,Ranked,millerjohn
361,10,2023-02-07,Casual,tanyaaguirre
362,14,2023-10-16,Ranked,castillobrian
363,20,2022-05-30,Casual,yolandafuller
364,7,2024-10-21,Casual,tonyreeves
365,5,2022-11-12,Casual,anthony32
366,12,2023-06-11,Casual,vmoore
367,17,2023-09-04,Casual,tammystone
368,14,2023-09-07,Casual,rebecca22
369,16,2022-01-23,Casual,michaelwhite
370,3,2022-10-31,Ranked,brittanymitchell
371,10,2022-05-12,Ranked,rmelton
372,20,2022-11-26,Casual,robynschroeder
373,5,2022-04-26,Ranked,noah48
374,7,2023-05-03,Casual,ginaobrien
375,3,2022-07-28,Ranked,susan82
376,9,2022-01-29,Ranked,imunoz
377,20,2022-07-09,Casual,martinezmichael
378,3,2024-12-01,Casual,charleslee
379,11,2023-06-22,Casual,zcraig
380,16,2022-07-02,Casual,philipvaughn
381,19,2024-03-20,Ranked,hlee
382,3,2023-02-22,Casual,jwilliams
383,8,2024-03-05,Casual,stevenedwards
384,9,2022-04-30,Ranked,hjones
385,18,2024-12-18,Ranked,teresa60
386,11,2023-04-21,Ranked,matthew27
387,2,2022-05-23,Ranked,jonesangela
388,7,2022-04-08,Ranked,kjohnson
389,18,2023-08-06,Ranked,thomasian
390,9,2023-11-03,Casual,jeremy06
391,3,2022-08-29,Casual,toddmarcus
392,2,2024-06-14,Casual,moranjennifer
393,11,2022-08-29,Ranked,michellebrown
394,1,2022-09-20,Casual,barry92
395,11,2024-09-17,Ranked,sheltonnicholas
396,17,2023-03-17,Casual,tonybell
397,10,2023-09-26,Ranked,melissasmith
398,9,2024-05-30,Casual,brianking
399,10,2023-12-04,Ranked,markobrien
400,2,2023-03-06,Casual,debraweaver
401,15,2024-06-12,Casual,wolfejacqueline
402,11,2023-09-19,Casual,pcarpenter
403,17,2022-07-14,Casual,adamsjennifer
404,19,2024-04-26,Casual,isaacmedina
405,20,2022-09-24,Casual,fdean
406,20,2023-12-06,Casual,sharon07
407,1,2022-08-15,Casual,johnyork
408,19,2022-12-29,Ranked,monica03
409,1,2022-06-08,Ranked,tshaw
410,19,2024-06-03,Ranked,kelly92
411,8,2022-04-10,Ranked,vmiller
412,16,2023-05-17,Casual,fstephenson
413,1,2024-12-04,Casual,acampbell
414,15,2022-09-03,Casual,jamesmorgan
415,20,2023-06-26,Casual,bgray
416,4,2023-05-19,Ranked,michael24
417,10,2022-08-20,Ranked,lisa28
418,17,2024-04-27,Ranked,ricky96
419,18,2024-01-21,Casual,jford
420,3,2023-12-04,Ranked,phillip84
421,6,2023-06-07,Ranked,rachel58
422,16,2024-10-05,Casual,austinsally
423,4,2022-03-01,Casual,vbeck
424,9,2024-09-03,Casual,gordonashley
425,3,2024-05-29,Ranked,nbarnes
426,12,2024-08-04,Ranked,lisanavarro
427,7,2023-08-11,Ranked,spoole
428,6,2024-01-27,Ranked,coopergeorge
429,2,2022-11-07,Ranked,donaldwhitaker
430,4,2024-11-06,Ranked,mariawallace
431,3,2023-04-30,Ranked,mcdonaldapril
432,14,2022-07-25,Casual,lisa96
433,18,2024-12-15,Ranked,ufletcher
434,14,2023-02-19,Ranked,jason91
435,5,2022-06-23,Casual,kayla45
436,2,2023-09-07,Ranked,anthonyhicks
437,16,2024-05-24,Casual,stephaniejohnson
438,11,2022-10-14,Ranked,anthonywolf
439,11,2024-05-08,Casual,pwatson
440,4,2022-11-13,Ranked,awilson
441,7,2024-04-02,Casual,stanleymarvin
442,6,2024-02-16,Ranked,travis56
443,4,2023-03-03,Ranked,bakersteven
444,12,2024-09-30,Casual,biancahill
445,13,2023-03-29,Ranked,holmeschristie
446,7,2022-06-01,Ranked,ijohnson
447,5,2024-09-12,Ranked,jennifer12
448,11,2023-08-05,Ranked,tuckergina
449,6,2024-12-23,Casual,fraziermatthew
450,7,2024-05-16,Casual,ryanwagner
451,16,2024-01-28,Ranked,nancy59
452,9,2022-07-26,Casual,kaylataylor
453,10,2022-04-23,Ranked,darmstrong
454,1,2024-07-31,Casual,eric22
455,1,2022-05-23,Ranked,brendarowe
456,11,2022-08-18,Ranked,shaffertaylor
457,4,2022-09-23,Casual,qbryan
458,2,2024-09-24,Ranked,fisherbarbara
459,15,2023-10-28,Casual,claudia76
460,20,2024-09-29,Ranked,phillipsstephen
461,4,2023-08-06,Casual,melissa74
462,3,2024-06-24,Casual,samantha78
463,10,2022-10-20,Casual,karen89
464,15,2022-11-30,Ranked,todd00
465,4,2023-12-10,Casual,nathangeorge
466,6,2023-01-23,Casual,monicawhite
467,13,2022-02-14,Ranked,jamiequinn
468,9,2024-08-15,Ranked,michaelwoodward
469,12,2024-01-14,Casual,gmiller
470,6,2024-05-11,Casual,hcruz
471,18,2024-05-08,Ranked,qfigueroa
472,3,2023-03-09,Casual,andrewwong
473,14,2024-04-16,Casual,mendozasteven
474,16,2024-05-08,Casual,michaelthomas
475,4,2023-09-06,Casual,hobbschad
476,1,2022-07-21,Ranked,yvonne99
477,2,2022-10-07,Casual,xpeterson
478,19,2024-06-05,Ranked,sararose
479,4,2023-04-11,Casual,armstronggregory
480,4,2024-11-15,Casual,lopezbarbara
481,17,2023-03-04,Casual,mdowns
482,11,2023-07-22,Ranked,choward
483,18,2023-09-28,Casual,nmercer
484,9,2024-06-07,Ranked,watkinsleslie
485,8,2023-10-22,Casual,monicarogers
486,9,2022-12-01,Ranked,davidgonzales
487,4,2022-12-23,Ranked,jennifer60
488,3,2024-10-17,Casual,danielmoran
489,15,2023-02-17,Ranked,abrown
490,18,2022-10-26,Ranked,ipayne
491,9,2024-09-26,Ranked,uramirez
492,8,2023-02-05,Ranked,ronnie62
493,20,2023-11-06,Ranked,zgalloway
494,5,2024-03-15,Ranked,tommywhitehead
495,18,2023-07-15,Casual,chloe85
496,5,2024-10-18,Casual,jason15
497,11,2024-01-17,Casual,michellebaker
498,12,2022-05-21,Ranked,carternicole
499,20,2023-02-28,Ranked,wsweeney
500,10,2022-01-15,Ranked,hannahalvarado
