PlayerID,Username,Email,JoinDate,Country
1,amartin,daniel59@gmail.com,2023-05-21,Cote d'Ivoire
2,codychavez,michael44@gmail.com,2022-08-23,American Samoa
3,gsolis,trevor67@cline.com,2020-04-19,Tunisia
4,kennedyamy,sara05@roman.net,2023-12-05,Hong Kong
5,margaret92,parkerdana@gordon-vasquez.com,2020-09-20,Italy
6,jasonhurley,xturner@yahoo.com,2021-10-08,Macedonia
7,ecase,mcox@hotmail.com,2020-07-29,Slovakia (Slovak Republic)
8,cassandrabennett,ashley76@yahoo.com,2023-10-08,Luxembourg
9,palmerlouis,juanmiller@hotmail.com,2024-08-08,Svalbard & Jan Mayen Islands
10,richard11,mariarojas@ford.com,2020-09-12,Bahrain
11,vincent44,chubbard@jones.com,2024-05-21,Singapore
12,sheacrystal,zrobbins@yahoo.com,2020-04-13,Grenada
13,greerjennifer,gardnerlisa@thomas.info,2020-06-29,Cameroon
14,kennethcruz,melissa21@hotmail.com,2022-11-01,Guatemala
15,rgallegos,jonessteven@collins-garza.com,2022-02-28,Ethiopia
16,thomaslarry,jameschavez@hotmail.com,2024-12-21,Pakistan
17,cjennings,sara37@gmail.com,2021-05-23,Cook Islands
18,ugutierrez,lgarza@yahoo.com,2022-10-25,Guadeloupe
19,woodwardmartin,mosskaren@hotmail.com,2024-02-27,Morocco
20,alyssa52,luke28@johnson.com,2020-07-17,Philippines
21,jroberts,moranmark@gmail.com,2024-03-09,Fiji
22,paul33,courtneygarcia@yahoo.com,2022-10-21,Malaysia
23,andrea19,smckay@clark.net,2023-10-17,French Southern Territories
24,mjackson,julie23@stewart.com,2023-11-23,Namibia
25,lauraallen,martin78@gmail.com,2023-06-29,Hong Kong
26,nathan52,cummingsthomas@ortiz.com,2020-07-19,Djibouti
27,ewhite,scottriley@gutierrez.com,2024-03-31,Paraguay
28,wesleynunez,blevinsgregory@yahoo.com,2020-11-28,Bulgaria
29,starkmichael,leegregory@fields-burnett.com,2022-11-10,Senegal
30,kleach,narcher@hotmail.com,2023-10-22,Honduras
31,andrewkelley,williamsonjohn@yahoo.com,2021-10-24,Lebanon
32,mark87,nataliesalazar@russo-cruz.biz,2023-10-17,Australia
33,robersonryan,sally81@hudson.com,2020-06-09,Dominican Republic
34,rodriguezerin,malloryrogers@williamson-medina.biz,2020-08-09,Macao
35,zduncan,gregorydavid@hotmail.com,2020-02-21,Morocco
36,cynthiataylor,marie00@yahoo.com,2024-11-05,Bosnia and Herzegovina
37,gonzalezdavid,jasonirwin@johnson-escobar.com,2020-06-03,Spain
38,pamela57,chapmanbenjamin@wright.info,2023-04-30,Uzbekistan
39,mwright,eugene51@rodriguez.info,2020-06-02,Ireland
40,harry03,comptonpatty@yahoo.com,2021-03-29,Georgia
41,stanleyrodney,collinsmichelle@yahoo.com,2021-11-30,Saint Vincent and the Grenadines
42,danny80,lindarobinson@estrada-smith.com,2022-06-02,Sri Lanka
43,jbrooks,shepardjennifer@morrow.com,2022-01-21,Saint Helena
44,uhunt,lfranco@williamson.info,2024-11-25,Marshall Islands
45,kristi81,esparks@gibson-torres.com,2020-11-08,Albania
46,egraves,laurasmith@yahoo.com,2022-10-09,Malta
47,travis08,arogers@gmail.com,2020-07-25,Greece
48,johnsonsteven,guerrerolori@gray-delgado.net,2024-03-20,Serbia
49,barnesgabrielle,anthonyjackson@arnold.com,2023-04-23,Hong Kong
50,holmessusan,tclark@martin.com,2022-09-03,Afghanistan
